nom,adresse,cp,ville,url,source
Créatures Restaurant rooftop,25 Rue de la Chaussée d'Antin,75009,Paris,,SAP
Les trois baudets,64 boulevard de Clichy,75018,Paris,,SAP
Salvaje ,51 Rue de Courcelles,75008,Paris,,SAP
Buckwheat,7 Rue de l'Échelle,75001,Paris,,SAP
Kúkú Restaurant,23 Rue de Penthièvre,75008,Paris,,SAP
Jaipur Café,15 Rue des Messageries,75010,Paris,,SAP
Au Vieux  d'Arcole,24 Rue Chanoinesse,75004,Paris,,SAP
La Flamme,6 Avenue de Wagram,75008,Paris,,SAP
La Diva des Près,79 Rue de Seine,75006,Paris,,SAP
Le Triadou Haussmann,80 Bd Haussmann,75008,Paris,,SAP
Le Vrai ,33 Rue des Abbesses,75018,Paris,,SAP
Café Le Paradis,76 Rue Saint-Martin,75004,Paris,,SAP
Café Cassette,73 Rue de Rennes,75006,Paris,,SAP
La Favorite,6 Rue de Rivoli,75004,Paris,,SAP
Maison Sauvage Saint-Germain-des-Prés,5 Rue de Buci,75006,Paris,,SAP
Kébi,3 Rue de Turenne,75004,Paris,,SAP
Kimpton St Honoré ,27 Boulevard des Capucines,75009,Paris,,SAP
Restaurant Le Cléo - Le Narcisse Blanc,19 Boulevard de la Tour-Maubourg,75007,Paris,,SAP
Chalet du Lac,Orée du bois de Vincennes,75012,Paris,,SAP
Au Pied de Cochon,6, Rue Coquillière,75001,Paris,,SAP
Jinchan Shokudo,154 Rue du Faubourg Saint-Antoine,75012,Paris,,SAP
Umami Burger ,19 Rue du Commandant René Mouchotte,75014,Paris,,SAP
Mon Square,31 Rue Saint-Dominique,75007,Paris,,SAP
Djakarta Bali,9, rue Vauvilliers,75001,Paris,,SAP
BigBang Saint-Germain,50 Rue Dauphine,75006,Paris,,SAP
Mulberry Street,20 Rue de la Huchette,75005,Paris,,SAP
Bichettes,11 Rue Marie et Louise,75010,Paris,,SAP
La Rôtisserie d'Argent,19 Quai de la Tournelle,75005,Paris,,SAP
Dame Augustine restaurant,32 Avenue des Gobelins,75013,Paris,,SAP
Chez Fred,190 bis Boulevard Pereire,75017,Paris,,SAP
Vesper restaurant,81 Avenue Bosquet,75007,Paris,,SAP
Maison Louveciennes restaurant,2 Quai Conti,78430,Louveciennes,,SAP
Ora,12 Rue Philippe de Girard,75010,Paris,,SAP
Le Grand Vefour,17, rue de Beaujolais,75001,Paris,,SAP
Qui Plume La Lune,50 Rue Amelot,75011,Paris,,SAP
étsi l'ouzeri,41 Rue du Ruisseau,75018,Paris,,SAP
Baobar , restaurant du Marais,42 Rue Sainte-Croix de la Bretonnerie,75004,Paris,,SAP
Ototo,3 Rue des Ecouffes,75004,Paris,,SAP
Sezono,13 Rue Jacques Louvel-Tessier,75010,Paris,,SAP
Sonny's Deli,4 Rue de la Fontaine au Roi,75011,Paris,,SAP
Cantinetta Ventura,5 Avenue Myron Herrick,75008,Paris,,SAP
Brasserie Paris Longchamp,2 Route des Tribunes,75116,Paris,,SAP
Le Perchoir Marais,36 Rue de la Verrerie,75004,Paris,,SAP
Babka Zana,8 Rue du Pas de la Mule,75004,Paris,,SAP
Paillettes,20 Rue Quentin-Bauchart,75008,Paris,,SAP
Kimpton St Honoré Paris,27 Boulevard des Capucines,75009,Paris,,SAP
Poggi Cup,4 Rue Charles Moureu,75013,Paris,,SAP
Chez Julien,1, rue du Pont Louis-Philippe,75004,Paris,,SAP
Doppio Malto,15 parvis de la défense,92800,Puteaux,,SAP
Hard Rock Cafe,14, Boulevard Montmartre,75009,Paris,,SAP
Quai Ouest Restaurant,1200 Quai Marcel Dassault,92210,Saint Cloud,,SAP
Le petit Comte, bistrot restaurant à Boulogne,89 Avenue Jean Baptiste Clement,92100,Boulogne Billancourt,,SAP
Andia Restaurant,19, chaussée de la Muette,75116,Paris,,SAP
Brasserie Auteuil,78 Rue d'Auteuil,75116,Paris,,SAP
Molitor,13 Rue Nungesser et Coli,75116,Paris,,SAP
Le Chalet des Iles,Lac inférieur du Bois de Boulogne,75116,Paris,,SAP
Bon Restaurant,25, Rue de la Pompe,75116,Paris,,SAP
Polpo restaurant-bar,47 Quai Charles Pasqua,92300,Levallois Perret,,SAP
Ground Control,81 Rue du Charolais,75012,Paris,,SAP
Peppe Paris,2 Place Saint-Blaise,75020,Paris,,SAP
Grand Palais éphémère,2 Allée Adrienne Lecouvreur,75007,Paris,,SAP
Le 211,211 Avenue Jean Jaurès,75019,Paris,,SAP
Bambini - Palais de Tokyo,13, avenue du président Wilson,75116,Paris,,SAP
Perlamatta,114 Rue de la Convention,75015,Paris,,SAP
Le Petit Victor Hugo,143 Av. Victor Hugo,75116,Paris,,SAP
L'Entrepôt,7, rue Francis de Pressensé,75014,Paris,,SAP
Monsieur Aristide,3 Rue Aristide Bruant,75018,Paris,,SAP
Saint James Paris,43 Avenue Bugeaud,75116,Paris,,SAP
Georges,19, rue Beaubourg au sommet du Centre Georges Pompidou,75003,Paris,,SAP
Gruppomimo,61 Rue Legendre,75017,Paris,,SAP
Kibo No Ki restaurant,14 Rue Vignon,75009,Paris,,SAP
Créatures - Les Galeries Lafayette,40, boulevard Haussmann,75009,Paris,,SAP
Yakuza Paris - Maison Albar Hotels - Le Vendome,7 Rue du Helder,75009,Paris,,SAP
Sormani,4 Rue du Général Lanrezac,75017,Paris,,SAP
La Ultima,6 Place Saint-Michel,75006,Paris,,SAP
Chez Lulu,66 Rue Jean-Jacques Rousseau,75001,Paris,,SAP
BaoBao Tea,10 Rue Dauphine,75006,Paris,,SAP
Le Gainsbarre - Maison Gainsbourg,14 Rue de Verneuil,75007,Paris,,SAP
Cala,29 Rue Linné,75005,Paris,,SAP
Le Camondo restaurant,61 Rue de Monceau,75008,Paris,,SAP
Hanami,5 Avenue Albert de Mun,75116,Paris,,SAP
Orgueil,6 Rue Popincourt,75011,Paris,,SAP
Asado,6 Passage des Panoramas,75002,Paris,,SAP
Café de la Paix,5 Place de l'Opéra,75009,Paris,,SAP
Brasserie Baroche,101 Rue la Boétie,75008,Paris,,SAP
Bouillon Chartier Gare de l'Est,5 Rue du 8 Mai 1945,75010,Paris,,SAP
Diwali,21 Av. de Colmar,92500,Rueil Malmaison,,SAP
Life Paris,14 Rue Saint-Fiacre,75002,Paris,,SAP
Les Belles Plantes,47 Rue Cuvier,75005,Paris,,SAP
Quelque part...,1 Rue Ambroise Thomas,75009,Paris,,SAP
Burgal,12 Place de la Bastille,75011,Paris,,SAP
BigBang,4 Rue Gay-Lussac,75005,Paris,,SAP
Ilvolo - Novotel Paris Vaugirard Montparnasse,257 Rue de Vaugirard,75015,Paris,,SAP
Moom Mam,13 Rue de Mogador,75009,Paris,,SAP
Philo Saucisse restaurant Top Chef,4 Rue Rampon,75011,Paris,,SAP
Açaï & You,47 Rue Dauphine,75006,Paris,,SAP
Marcello,8 Rue Mabillon,75006,Paris,,SAP
GustoMassimo Paris,19 Rue Moncey,75009,Paris,,SAP
Faby,67 Rue Rennequin,75017,Paris,,SAP
Pingwoo, le restaurant - coffee garden,24 Rue Saint-Lazare,75009,Paris,,SAP
Spezia Piadina & Co,23 Rue des Mathurins,75008,Paris,,SAP
Restaurant Acte II,93 Rue Vieille du Temple,75003,Paris,,SAP
TLM,105 Rue Curial,75019,Paris,,SAP
Mi Tierra Restaurant Colombien,65 Rue d'Amsterdam,75008,Paris,,SAP
La City - Le Toit de la Grande Arche,1 Parvis de la Défense,92800,Puteaux,,SAP
Yi One,220 Rue Saint-Jacques,75005,Paris,,SAP
TÔ Restaurant,34 Rue Beaurepaire,75010,Paris,,SAP
Jack's Hot Dogs,3 Rue Pierre Fontaine,75009,Paris,,SAP
Bouillon Pigalle,22 Boulevard de Clichy,75018,Paris,,SAP
L'Escargot Montorgueil,38, rue Montorgueil,75001,Paris,,SAP
Mama Shelter La Défense,10 Rue Jean Jaurès,92800,Puteaux,,SAP
Olivier Stehly - La Fabrique à Toga,60 Cour Saint-Emilion,75012,Paris,,SAP
Les Fils à Maman Batignolles,57 Rue des Batignolles,75017,Paris,,SAP
Kokuban Haussmann,104 Boulevard Haussmann,75008,Paris,,SAP
Le Coq de Bougival,15 Bis Quai Rennequin Sualem,78380,Bougival,,SAP
Burger Père & Fils - Beaupassage,53 Rue de Grenelle,75007,Paris,,SAP
Bel Canto,6, Rue du Commandant Pilot,92200,Neuilly sur Seine,,SAP
Forest - Musée d'Art Moderne de Paris,11, avenue du Président Wilson,75116,Paris,,SAP
Toscanino,4 Rue Mouffetard,75005,Paris,,SAP
La Nouvelle Seine,Péniche sur Berges - Face au 3 Quai de Montebello,75005,Paris,,SAP
La Rêverie,15 Rue de la Roquette,75011,Paris,,SAP
